,rescaling factor,centers
values,29.992231999999998,[ 8.581898    4.69826685 -4.8780815 ]
