,X,Y,Z,X_r,Y_r,Z_r,G_x,G_y,G_z,dip,azimuth,polarity,surface,series,id,order_series,annotations
1,9.053956,5,-6.646,0.5158393421069829,0.5101603765316645,0.44115412028021117,0.6375719059246518,1.0000390400196908e-12,0.7703908519566044,39.611,90.0,1.0,fault,Default series,1,1,"${\bf{x}}_{\beta \,{\bf{1}},0}$"
2,9.907953,5,-2.422365,0.5443132816257223,0.5101603765316645,0.5819784177182945,-0.02324569161090847,9.99995729835726e-13,0.9997297824029668,1.3319999999999999,270.0,1.0,Unconformity,younger_serie,2,2,"${\bf{x}}_{\beta \,{\bf{2}},0}$"
0,16.079956,5,-5.792000000000001,0.7501,0.5101603765316645,0.4696281598248506,0.5881664272926989,1.0000360148066274e-12,0.8087399172840031,36.027,90.0,1.0,Layer1,older_serie,3,3,"${\bf{x}}_{\beta \,{\bf{3}},0}$"
3,2.942956,5,-3.659,0.3120865837260795,0.5101603765316645,0.5407465747530894,-0.3656566556994132,9.999328299620515e-13,0.9307498107138411,21.448,270.0,1.0,Layer2,older_serie,4,3,"${\bf{x}}_{\beta \,{\bf{4}},0}$"
