,surface,series,order_surfaces,isBasement,color,vertices,edges,id
0,fault,Default series,1,False,#527682,"[[  2.35057487   1.          -0.2       ]
 [  2.4          0.          -0.24777145]
 [  2.34847603   0.          -0.2       ]
 ...
 [ 13.41077881   7.         -10.        ]
 [ 13.41007996   8.         -10.        ]
 [ 13.40955353   9.         -10.        ]]","[[   2    1    0]
 [   0    1    3]
 [   2    5    4]
 ...
 [1587 1577 1586]
 [1588 1581 1579]
 [1588 1579 1587]]",1
1,Unconformity,younger_serie,1,False,#9f0052,"[[ 0.          0.         -1.85113068]
 [ 0.          1.         -1.85205154]
 [ 0.2         0.         -1.83949432]
 ...
 [19.8         7.         -3.35383453]
 [19.8         8.         -3.3470871 ]
 [19.8         9.         -3.3393692 ]]","[[   2    1    0]
 [   3    1    2]
 [   3    4    1]
 ...
 [1292 1282 1291]
 [1292 1283 1282]
 [1293 1283 1292]]",2
3,Layer2,older_serie,1,False,#728f02,"[[ 0.04132759  0.         -5.4       ]
 [ 0.          1.         -5.43455582]
 [ 0.1842659   1.         -5.4       ]
 ...
 [19.8         8.         -8.85223141]
 [19.77617035  9.         -8.8       ]
 [19.8         9.         -8.80796843]]","[[   2    1    0]
 [   0    1    3]
 [   0    5    4]
 ...
 [2240 2239 2241]
 [2240 2221 2219]
 [2240 2219 2238]]",3
2,Layer1,older_serie,2,False,#ffbe00,"[[  0.           0.          -6.93577671]
 [  0.           1.          -6.95472317]
 [  0.2          0.          -6.90575047]
 ...
 [ 18.70541687   7.         -10.        ]
 [ 18.73485107   8.         -10.        ]
 [ 18.76777344   9.         -10.        ]]","[[   2    1    0]
 [   3    1    2]
 [   3    4    1]
 ...
 [2085 2072 2084]
 [2086 2076 2074]
 [2086 2074 2085]]",4
4,basement,Basement,1,True,#443988,,,5
