X,Y,Z,azimuth,dip,polarity,formation
1.7052989428899037,0.5135128979927223,1.4212959524248923,90,3,1,Interface 1
1.4687956968131857,0.5715200697227778,2.4043818018888024,90,3,1,Interface 2
1.6247559559855083,0.43069982721303146,3.5670195690731665,90,3,1,Interface 3
