,surface,series,order_surfaces,isBasement,color,vertices,edges,id
0,overburden,Default series,1,False,#015482,"[[-100.         -100.          -51.25      ]
 [-100.          -95.          -51.25      ]
 [ -93.33333333 -100.          -51.25      ]
 ...
 [ 293.33333333  185.          -51.25      ]
 [ 293.33333333  190.          -51.25      ]
 [ 293.33333333  195.          -51.25      ]]","[[   2    1    0]
 [   3    1    2]
 [   3    4    1]
 ...
 [3598 3538 3597]
 [3598 3539 3538]
 [3599 3539 3598]]",1
1,miguel,Default series,2,False,#9f0052,"[[-100.         -100.          -76.24998569]
 [-100.          -95.          -76.24998569]
 [ -93.33333333 -100.          -76.24998569]
 ...
 [ 293.33333333  185.          -76.24998569]
 [ 293.33333333  190.          -76.24998569]
 [ 293.33333333  195.          -76.24998569]]","[[   2    1    0]
 [   3    1    2]
 [   3    4    1]
 ...
 [3598 3538 3597]
 [3598 3539 3538]
 [3599 3539 3598]]",2
2,evan,Default series,3,False,#ffbe00,"[[-100.         -100.         -101.25      ]
 [-100.          -95.         -101.25      ]
 [ -93.33333333 -100.         -101.25      ]
 ...
 [ 293.33333333  185.         -101.25      ]
 [ 293.33333333  190.         -101.25      ]
 [ 293.33333333  195.         -101.25      ]]","[[   2    1    0]
 [   3    1    2]
 [   3    4    1]
 ...
 [3598 3538 3597]
 [3598 3539 3538]
 [3599 3539 3598]]",3
3,brian,series2,1,False,#728f02,"[[-100.         -100.         -113.66108656]
 [-100.          -95.         -114.40165758]
 [ -93.33333333 -100.         -112.94283867]
 ...
 [ 293.33333333  190.         -111.95140839]
 [ 293.33333333  195.         -112.77838945]
 [ 293.33333333  193.31655502 -112.5       ]]","[[   2    1    0]
 [   3    1    2]
 [   6    5    4]
 ...
 [4395 4362 4393]
 [4395 4364 4362]
 [4396 4393 4394]]",4
4,basement,Basement,1,True,#443988,,,5
