,rescaling factor,centers
values,6930.786000000313,[ 3.49807600e+06  7.51250001e+06 -2.91021619e+02]
